region,station_id,line_id,station_name_ko,line_name_ko,x,y,source_id,source_url,license_status
"광주권",station-73a324a117ea,line-e57a361e8892,"녹동","광주 1호선",35,33,qa-official-svg-coordinate,"https://namu.wiki/w/파일:광주%20도시철도%201호선%20노선도.svg",cc-by-sa-2.0-kr
"광주권",station-52a494cc7ca2,line-e57a361e8892,"소태","광주 1호선",35,48,qa-official-svg-coordinate,"https://namu.wiki/w/파일:광주%20도시철도%201호선%20노선도.svg",cc-by-sa-2.0-kr
"광주권",station-b32a58ea5aa3,line-e57a361e8892,"학동증심사입구","광주 1호선",35,62,qa-official-svg-coordinate,"https://namu.wiki/w/파일:광주%20도시철도%201호선%20노선도.svg",cc-by-sa-2.0-kr
"광주권",station-6416b91f94b1,line-e57a361e8892,"남광주","광주 1호선",35,77,qa-official-svg-coordinate,"https://namu.wiki/w/파일:광주%20도시철도%201호선%20노선도.svg",cc-by-sa-2.0-kr
"광주권",station-ac7ae9113d05,line-e57a361e8892,"문화전당","광주 1호선",35,92,qa-official-svg-coordinate,"https://namu.wiki/w/파일:광주%20도시철도%201호선%20노선도.svg",cc-by-sa-2.0-kr
"광주권",station-956d3c1b71cf,line-e57a361e8892,"금남로4가","광주 1호선",35,106,qa-official-svg-coordinate,"https://namu.wiki/w/파일:광주%20도시철도%201호선%20노선도.svg",cc-by-sa-2.0-kr
"광주권",station-f95b9a228e56,line-e57a361e8892,"금남로5가","광주 1호선",35,121,qa-official-svg-coordinate,"https://namu.wiki/w/파일:광주%20도시철도%201호선%20노선도.svg",cc-by-sa-2.0-kr
"광주권",station-e5787c873af4,line-e57a361e8892,"양동시장","광주 1호선",54,141,qa-official-svg-coordinate,"https://namu.wiki/w/파일:광주%20도시철도%201호선%20노선도.svg",cc-by-sa-2.0-kr
"광주권",station-0ffe7433dae9,line-e57a361e8892,"돌고개","광주 1호선",77,141,qa-official-svg-coordinate,"https://namu.wiki/w/파일:광주%20도시철도%201호선%20노선도.svg",cc-by-sa-2.0-kr
"광주권",station-cd16eea9577e,line-e57a361e8892,"농성","광주 1호선",95,121,qa-official-svg-coordinate,"https://namu.wiki/w/파일:광주%20도시철도%201호선%20노선도.svg",cc-by-sa-2.0-kr
"광주권",station-eaf1b3343165,line-e57a361e8892,"화정","광주 1호선",95,107,qa-official-svg-coordinate,"https://namu.wiki/w/파일:광주%20도시철도%201호선%20노선도.svg",cc-by-sa-2.0-kr
"광주권",station-d56474cd3eff,line-e57a361e8892,"쌍촌","광주 1호선",95,94,qa-official-svg-coordinate,"https://namu.wiki/w/파일:광주%20도시철도%201호선%20노선도.svg",cc-by-sa-2.0-kr
"광주권",station-243c3e4d9b96,line-e57a361e8892,"운천","광주 1호선",95,81,qa-official-svg-coordinate,"https://namu.wiki/w/파일:광주%20도시철도%201호선%20노선도.svg",cc-by-sa-2.0-kr
"광주권",station-d0ad7b1b53ca,line-e57a361e8892,"상무","광주 1호선",95,67,qa-official-svg-coordinate,"https://namu.wiki/w/파일:광주%20도시철도%201호선%20노선도.svg",cc-by-sa-2.0-kr
"광주권",station-4388c8c84f48,line-e57a361e8892,"김대중컨벤션센터","광주 1호선",95,54,qa-official-svg-coordinate,"https://namu.wiki/w/파일:광주%20도시철도%201호선%20노선도.svg",cc-by-sa-2.0-kr
"광주권",station-3ce7e4634ced,line-e57a361e8892,"공항","광주 1호선",95,41,qa-official-svg-coordinate,"https://namu.wiki/w/파일:광주%20도시철도%201호선%20노선도.svg",cc-by-sa-2.0-kr
"광주권",station-a6d7ab6cd1b4,line-e57a361e8892,"송정공원","광주 1호선",115,18,qa-official-svg-coordinate,"https://namu.wiki/w/파일:광주%20도시철도%201호선%20노선도.svg",cc-by-sa-2.0-kr
"광주권",station-45d732c94df2,line-e57a361e8892,"광주송정역","광주 1호선",133,18,qa-official-svg-coordinate,"https://namu.wiki/w/파일:광주%20도시철도%201호선%20노선도.svg",cc-by-sa-2.0-kr
"광주권",station-25f856602c61,line-e57a361e8892,"도산","광주 1호선",150,34,qa-official-svg-coordinate,"https://namu.wiki/w/파일:광주%20도시철도%201호선%20노선도.svg",cc-by-sa-2.0-kr
"광주권",station-a512d55a4729,line-e57a361e8892,"평동","광주 1호선",150,48,qa-official-svg-coordinate,"https://namu.wiki/w/파일:광주%20도시철도%201호선%20노선도.svg",cc-by-sa-2.0-kr
"대구권",station-223244bf7907,line-5b8d9b05e7e6,"설화명곡","대구 1호선",851,124,qa-official-svg-coordinate,https://www.dtro.or.kr/front/dtro/cyberstation/station/cyberstation.do,review-required
"대구권",station-98ec969f74ff,line-5b8d9b05e7e6,"화원","대구 1호선",994,124,qa-official-svg-coordinate,https://www.dtro.or.kr/front/dtro/cyberstation/station/cyberstation.do,review-required
"대구권",station-d1a94e2e44d9,line-5b8d9b05e7e6,"대곡(정부대구청사)","대구 1호선",1137,124,qa-official-svg-coordinate,https://www.dtro.or.kr/front/dtro/cyberstation/station/cyberstation.do,review-required
"대구권",station-5ac3c738cd5a,line-5b8d9b05e7e6,"진천","대구 1호선",1279,124,qa-official-svg-coordinate,https://www.dtro.or.kr/front/dtro/cyberstation/station/cyberstation.do,review-required
"대구권",station-b5dfb2aa9e40,line-5b8d9b05e7e6,"월배","대구 1호선",1422,124,qa-official-svg-coordinate,https://www.dtro.or.kr/front/dtro/cyberstation/station/cyberstation.do,review-required
"대구권",station-9af4cd5ccffa,line-5b8d9b05e7e6,"상인","대구 1호선",1565,124,qa-official-svg-coordinate,https://www.dtro.or.kr/front/dtro/cyberstation/station/cyberstation.do,review-required
"대구권",station-10d8a9b4a5e6,line-5b8d9b05e7e6,"월촌","대구 1호선",1708,124,qa-official-svg-coordinate,https://www.dtro.or.kr/front/dtro/cyberstation/station/cyberstation.do,review-required
"대구권",station-00ad3c74b588,line-5b8d9b05e7e6,"송현","대구 1호선",1851,124,qa-official-svg-coordinate,https://www.dtro.or.kr/front/dtro/cyberstation/station/cyberstation.do,review-required
"대구권",station-c90f326f201f,line-5b8d9b05e7e6,"서부정류장(관문시장)","대구 1호선",1993,124,qa-official-svg-coordinate,https://www.dtro.or.kr/front/dtro/cyberstation/station/cyberstation.do,review-required
"대구권",station-31318c023c13,line-5b8d9b05e7e6,"대명","대구 1호선",2136,124,qa-official-svg-coordinate,https://www.dtro.or.kr/front/dtro/cyberstation/station/cyberstation.do,review-required
"대구권",station-6a6c88ce8896,line-5b8d9b05e7e6,"안지랑","대구 1호선",2279,124,qa-official-svg-coordinate,https://www.dtro.or.kr/front/dtro/cyberstation/station/cyberstation.do,review-required
"대구권",station-389ff9d35066,line-5b8d9b05e7e6,"현충로","대구 1호선",2422,124,qa-official-svg-coordinate,https://www.dtro.or.kr/front/dtro/cyberstation/station/cyberstation.do,review-required
"대구권",station-779e18fa58a2,line-5b8d9b05e7e6,"영대병원","대구 1호선",2565,124,qa-official-svg-coordinate,https://www.dtro.or.kr/front/dtro/cyberstation/station/cyberstation.do,review-required
"대구권",station-0c3918ad57fe,line-5b8d9b05e7e6,"교대","대구 1호선",2707,124,qa-official-svg-coordinate,https://www.dtro.or.kr/front/dtro/cyberstation/station/cyberstation.do,review-required
"대구권",station-a94cb65fc5ee,line-5b8d9b05e7e6,"명덕(2.28민주운동기념회관)","대구 1호선",2900,209,qa-official-svg-coordinate,https://www.dtro.or.kr/front/dtro/cyberstation/station/cyberstation.do,review-required
"대구권",station-44dc03b65cae,line-5b8d9b05e7e6,"반월당","대구 1호선",2987,370,qa-official-svg-coordinate,https://www.dtro.or.kr/front/dtro/cyberstation/station/cyberstation.do,review-required
"대구권",station-fef7ebca3c7e,line-5b8d9b05e7e6,"중앙로","대구 1호선",3045,559,qa-official-svg-coordinate,https://www.dtro.or.kr/front/dtro/cyberstation/station/cyberstation.do,review-required
"대구권",station-d5764b48d283,line-5b8d9b05e7e6,"대구역","대구 1호선",3215,647,qa-official-svg-coordinate,https://www.dtro.or.kr/front/dtro/cyberstation/station/cyberstation.do,review-required
"대구권",station-7f05ab5676f1,line-5b8d9b05e7e6,"칠성시장","대구 1호선",3323,663,qa-official-svg-coordinate,https://www.dtro.or.kr/front/dtro/cyberstation/station/cyberstation.do,review-required
"대구권",station-9f9a40c1ed7b,line-5b8d9b05e7e6,"신천(경북대입구)","대구 1호선",3431,663,qa-official-svg-coordinate,https://www.dtro.or.kr/front/dtro/cyberstation/station/cyberstation.do,review-required
"대구권",station-5b51eac5a29c,line-5b8d9b05e7e6,"동대구역","대구 1호선",3540,647,qa-official-svg-coordinate,https://www.dtro.or.kr/front/dtro/cyberstation/station/cyberstation.do,review-required
"대구권",station-dc146f1e6d4c,line-5b8d9b05e7e6,"동구청(큰고개)","대구 1호선",3648,663,qa-official-svg-coordinate,https://www.dtro.or.kr/front/dtro/cyberstation/station/cyberstation.do,review-required
"대구권",station-2b9a16377de4,line-5b8d9b05e7e6,"아양교","대구 1호선",3764,663,qa-official-svg-coordinate,https://www.dtro.or.kr/front/dtro/cyberstation/station/cyberstation.do,review-required
"대구권",station-c5e3e27e0898,line-5b8d9b05e7e6,"동촌","대구 1호선",3879,663,qa-official-svg-coordinate,https://www.dtro.or.kr/front/dtro/cyberstation/station/cyberstation.do,review-required
"대구권",station-e7b987a3540d,line-5b8d9b05e7e6,"해안","대구 1호선",3974,663,qa-official-svg-coordinate,https://www.dtro.or.kr/front/dtro/cyberstation/station/cyberstation.do,review-required
"대구권",station-e5f998c61a2f,line-5b8d9b05e7e6,"방촌","대구 1호선",4070,663,qa-official-svg-coordinate,https://www.dtro.or.kr/front/dtro/cyberstation/station/cyberstation.do,review-required
"대구권",station-da4ddf528baa,line-5b8d9b05e7e6,"용계","대구 1호선",4166,663,qa-official-svg-coordinate,https://www.dtro.or.kr/front/dtro/cyberstation/station/cyberstation.do,review-required
"대구권",station-7979ad610dd2,line-5b8d9b05e7e6,"율하","대구 1호선",4263,663,qa-official-svg-coordinate,https://www.dtro.or.kr/front/dtro/cyberstation/station/cyberstation.do,review-required
"대구권",station-c52013c9209f,line-5b8d9b05e7e6,"신기","대구 1호선",4367,663,qa-official-svg-coordinate,https://www.dtro.or.kr/front/dtro/cyberstation/station/cyberstation.do,review-required
"대구권",station-ff5ac25872c2,line-5b8d9b05e7e6,"반야월","대구 1호선",4465,663,qa-official-svg-coordinate,https://www.dtro.or.kr/front/dtro/cyberstation/station/cyberstation.do,review-required
"대구권",station-fb4f89ba7c49,line-5b8d9b05e7e6,"각산","대구 1호선",4563,663,qa-official-svg-coordinate,https://www.dtro.or.kr/front/dtro/cyberstation/station/cyberstation.do,review-required
"대구권",station-839c71705367,line-5b8d9b05e7e6,"안심(혁신도시.첨복단지)","대구 1호선",4672,663,qa-official-svg-coordinate,https://www.dtro.or.kr/front/dtro/cyberstation/station/cyberstation.do,review-required
"대구권",station-8bba3683494e,line-5b8d9b05e7e6,"대구한의대병원","대구 1호선",4824,663,qa-official-svg-coordinate,https://www.dtro.or.kr/front/dtro/cyberstation/station/cyberstation.do,review-required
"대구권",station-282c6d61cdf3,line-5b8d9b05e7e6,"부호","대구 1호선",4960,663,qa-official-svg-coordinate,https://www.dtro.or.kr/front/dtro/cyberstation/station/cyberstation.do,review-required
"대구권",station-af789a5b8356,line-5b8d9b05e7e6,"하양","대구 1호선",5068,663,qa-official-svg-coordinate,https://www.dtro.or.kr/front/dtro/cyberstation/station/cyberstation.do,review-required
"대구권",station-f9dd22bf2e51,line-e2938a4cc492,"문양","대구 2호선",851,359,qa-official-svg-coordinate,https://www.dtro.or.kr/front/dtro/cyberstation/station/cyberstation.do,review-required
"대구권",station-74e47bb91218,line-e2938a4cc492,"다사","대구 2호선",998,359,qa-official-svg-coordinate,https://www.dtro.or.kr/front/dtro/cyberstation/station/cyberstation.do,review-required
"대구권",station-5499991f111a,line-e2938a4cc492,"대실","대구 2호선",1145,359,qa-official-svg-coordinate,https://www.dtro.or.kr/front/dtro/cyberstation/station/cyberstation.do,review-required
"대구권",station-a3cecfd3924b,line-e2938a4cc492,"강창","대구 2호선",1292,359,qa-official-svg-coordinate,https://www.dtro.or.kr/front/dtro/cyberstation/station/cyberstation.do,review-required
"대구권",station-cb82b040e485,line-e2938a4cc492,"계명대","대구 2호선",1438,359,qa-official-svg-coordinate,https://www.dtro.or.kr/front/dtro/cyberstation/station/cyberstation.do,review-required
"대구권",station-6e1af0ea8662,line-e2938a4cc492,"성서산업단지","대구 2호선",1602,359,qa-official-svg-coordinate,https://www.dtro.or.kr/front/dtro/cyberstation/station/cyberstation.do,review-required
"대구권",station-42730cf4522b,line-e2938a4cc492,"이곡","대구 2호선",1753,359,qa-official-svg-coordinate,https://www.dtro.or.kr/front/dtro/cyberstation/station/cyberstation.do,review-required
"대구권",station-e812e38b8614,line-e2938a4cc492,"용산(서부법원.검찰청입구)","대구 2호선",1898,359,qa-official-svg-coordinate,https://www.dtro.or.kr/front/dtro/cyberstation/station/cyberstation.do,review-required
"대구권",station-012721ad1992,line-e2938a4cc492,"죽전","대구 2호선",2044,359,qa-official-svg-coordinate,https://www.dtro.or.kr/front/dtro/cyberstation/station/cyberstation.do,review-required
"대구권",station-d8a2db461ffa,line-e2938a4cc492,"감삼","대구 2호선",2190,359,qa-official-svg-coordinate,https://www.dtro.or.kr/front/dtro/cyberstation/station/cyberstation.do,review-required
"대구권",station-590ea3d4ad45,line-e2938a4cc492,"두류","대구 2호선",2336,359,qa-official-svg-coordinate,https://www.dtro.or.kr/front/dtro/cyberstation/station/cyberstation.do,review-required
"대구권",station-992e683020e5,line-e2938a4cc492,"내당","대구 2호선",2482,359,qa-official-svg-coordinate,https://www.dtro.or.kr/front/dtro/cyberstation/station/cyberstation.do,review-required
"대구권",station-73a1e4d00322,line-e2938a4cc492,"반고개","대구 2호선",2628,359,qa-official-svg-coordinate,https://www.dtro.or.kr/front/dtro/cyberstation/station/cyberstation.do,review-required
"대구권",station-3de9d5097085,line-e2938a4cc492,"청라언덕","대구 2호선",2828,370,qa-official-svg-coordinate,https://www.dtro.or.kr/front/dtro/cyberstation/station/cyberstation.do,review-required
"대구권",station-44dc03b65cae,line-e2938a4cc492,"반월당","대구 2호선",2987,370,qa-official-svg-coordinate,https://www.dtro.or.kr/front/dtro/cyberstation/station/cyberstation.do,review-required
"대구권",station-be7ab8df3e5a,line-e2938a4cc492,"경대병원","대구 2호선",3206,359,qa-official-svg-coordinate,https://www.dtro.or.kr/front/dtro/cyberstation/station/cyberstation.do,review-required
"대구권",station-6c3b04e49a1c,line-e2938a4cc492,"대구은행","대구 2호선",3352,359,qa-official-svg-coordinate,https://www.dtro.or.kr/front/dtro/cyberstation/station/cyberstation.do,review-required
"대구권",station-d566c2aa1967,line-e2938a4cc492,"범어","대구 2호선",3498,359,qa-official-svg-coordinate,https://www.dtro.or.kr/front/dtro/cyberstation/station/cyberstation.do,review-required
"대구권",station-e0128ea54ab7,line-e2938a4cc492,"수성구청(KBS)","대구 2호선",3641,359,qa-official-svg-coordinate,https://www.dtro.or.kr/front/dtro/cyberstation/station/cyberstation.do,review-required
"대구권",station-49bae1276fab,line-e2938a4cc492,"만촌","대구 2호선",3783,359,qa-official-svg-coordinate,https://www.dtro.or.kr/front/dtro/cyberstation/station/cyberstation.do,review-required
"대구권",station-2d0377527648,line-e2938a4cc492,"담티(산대.대륜)","대구 2호선",3926,359,qa-official-svg-coordinate,https://www.dtro.or.kr/front/dtro/cyberstation/station/cyberstation.do,review-required
"대구권",station-a004973f3b97,line-e2938a4cc492,"연호","대구 2호선",4061,359,qa-official-svg-coordinate,https://www.dtro.or.kr/front/dtro/cyberstation/station/cyberstation.do,review-required
"대구권",station-ad41e2bbbe5e,line-e2938a4cc492,"수성알파시티(삼성라이온즈파크)","대구 2호선",4219,359,qa-official-svg-coordinate,https://www.dtro.or.kr/front/dtro/cyberstation/station/cyberstation.do,review-required
"대구권",station-3a32b10ba12e,line-e2938a4cc492,"고산","대구 2호선",4354,359,qa-official-svg-coordinate,https://www.dtro.or.kr/front/dtro/cyberstation/station/cyberstation.do,review-required
"대구권",station-3f7623e884c9,line-e2938a4cc492,"신매","대구 2호선",4497,359,qa-official-svg-coordinate,https://www.dtro.or.kr/front/dtro/cyberstation/station/cyberstation.do,review-required
"대구권",station-54a584ac4858,line-e2938a4cc492,"사월","대구 2호선",4640,359,qa-official-svg-coordinate,https://www.dtro.or.kr/front/dtro/cyberstation/station/cyberstation.do,review-required
"대구권",station-dea5359dd3e5,line-e2938a4cc492,"정평","대구 2호선",4783,359,qa-official-svg-coordinate,https://www.dtro.or.kr/front/dtro/cyberstation/station/cyberstation.do,review-required
"대구권",station-7b42566155b2,line-e2938a4cc492,"임당","대구 2호선",4925,359,qa-official-svg-coordinate,https://www.dtro.or.kr/front/dtro/cyberstation/station/cyberstation.do,review-required
"대구권",station-5bce7e78ddc8,line-e2938a4cc492,"영남대","대구 2호선",5068,359,qa-official-svg-coordinate,https://www.dtro.or.kr/front/dtro/cyberstation/station/cyberstation.do,review-required
"대구권",station-35a106653881,line-0ffaa95b1b5d,"칠곡경대병원","대구 3호선",851,663,qa-official-svg-coordinate,https://www.dtro.or.kr/front/dtro/cyberstation/station/cyberstation.do,review-required
"대구권",station-f52606e872bf,line-0ffaa95b1b5d,"학정","대구 3호선",977,663,qa-official-svg-coordinate,https://www.dtro.or.kr/front/dtro/cyberstation/station/cyberstation.do,review-required
"대구권",station-51a2f915959b,line-0ffaa95b1b5d,"팔거(국립농관원.통계청)","대구 3호선",1095,663,qa-official-svg-coordinate,https://www.dtro.or.kr/front/dtro/cyberstation/station/cyberstation.do,review-required
"대구권",station-641cb3dc9dc2,line-0ffaa95b1b5d,"동천","대구 3호선",1216,663,qa-official-svg-coordinate,https://www.dtro.or.kr/front/dtro/cyberstation/station/cyberstation.do,review-required
"대구권",station-47bd8a10858a,line-0ffaa95b1b5d,"칠곡운암","대구 3호선",1335,663,qa-official-svg-coordinate,https://www.dtro.or.kr/front/dtro/cyberstation/station/cyberstation.do,review-required
"대구권",station-fd616b921935,line-0ffaa95b1b5d,"구암","대구 3호선",1469,663,qa-official-svg-coordinate,https://www.dtro.or.kr/front/dtro/cyberstation/station/cyberstation.do,review-required
"대구권",station-f10dbe8e725c,line-0ffaa95b1b5d,"태전","대구 3호선",1582,663,qa-official-svg-coordinate,https://www.dtro.or.kr/front/dtro/cyberstation/station/cyberstation.do,review-required
"대구권",station-2062cce838f9,line-0ffaa95b1b5d,"매천","대구 3호선",1704,663,qa-official-svg-coordinate,https://www.dtro.or.kr/front/dtro/cyberstation/station/cyberstation.do,review-required
"대구권",station-94208b16fdb2,line-0ffaa95b1b5d,"매천시장","대구 3호선",1826,663,qa-official-svg-coordinate,https://www.dtro.or.kr/front/dtro/cyberstation/station/cyberstation.do,review-required
"대구권",station-75376ad42c0a,line-0ffaa95b1b5d,"팔달","대구 3호선",1948,663,qa-official-svg-coordinate,https://www.dtro.or.kr/front/dtro/cyberstation/station/cyberstation.do,review-required
"대구권",station-9140315d3652,line-0ffaa95b1b5d,"공단","대구 3호선",2070,663,qa-official-svg-coordinate,https://www.dtro.or.kr/front/dtro/cyberstation/station/cyberstation.do,review-required
"대구권",station-3e4f2fe97142,line-0ffaa95b1b5d,"만평","대구 3호선",2191,663,qa-official-svg-coordinate,https://www.dtro.or.kr/front/dtro/cyberstation/station/cyberstation.do,review-required
"대구권",station-f81ee711511a,line-0ffaa95b1b5d,"팔달시장","대구 3호선",2313,663,qa-official-svg-coordinate,https://www.dtro.or.kr/front/dtro/cyberstation/station/cyberstation.do,review-required
"대구권",station-ffa8f6b738f9,line-0ffaa95b1b5d,"원대","대구 3호선",2435,663,qa-official-svg-coordinate,https://www.dtro.or.kr/front/dtro/cyberstation/station/cyberstation.do,review-required
"대구권",station-85f4f28bb9d5,line-0ffaa95b1b5d,"북구청","대구 3호선",2557,663,qa-official-svg-coordinate,https://www.dtro.or.kr/front/dtro/cyberstation/station/cyberstation.do,review-required
"대구권",station-a0b65b9d084d,line-0ffaa95b1b5d,"달성공원","대구 3호선",2684,631,qa-official-svg-coordinate,https://www.dtro.or.kr/front/dtro/cyberstation/station/cyberstation.do,review-required
"대구권",station-670546e5653e,line-0ffaa95b1b5d,"서문시장(동산병원)","대구 3호선",2770,559,qa-official-svg-coordinate,https://www.dtro.or.kr/front/dtro/cyberstation/station/cyberstation.do,review-required
"대구권",station-3de9d5097085,line-0ffaa95b1b5d,"청라언덕","대구 3호선",2828,370,qa-official-svg-coordinate,https://www.dtro.or.kr/front/dtro/cyberstation/station/cyberstation.do,review-required
"대구권",station-0521228b85ca,line-0ffaa95b1b5d,"남산","대구 3호선",2856,271,qa-official-svg-coordinate,https://www.dtro.or.kr/front/dtro/cyberstation/station/cyberstation.do,review-required
"대구권",station-a94cb65fc5ee,line-0ffaa95b1b5d,"명덕(2.28민주운동기념회관)","대구 3호선",2900,209,qa-official-svg-coordinate,https://www.dtro.or.kr/front/dtro/cyberstation/station/cyberstation.do,review-required
"대구권",station-eff8188e3ddf,line-0ffaa95b1b5d,"건들바위","대구 3호선",3133,124,qa-official-svg-coordinate,https://www.dtro.or.kr/front/dtro/cyberstation/station/cyberstation.do,review-required
"대구권",station-ea7c56bfe707,line-0ffaa95b1b5d,"대봉교","대구 3호선",3348,124,qa-official-svg-coordinate,https://www.dtro.or.kr/front/dtro/cyberstation/station/cyberstation.do,review-required
"대구권",station-2b5d9a8227d9,line-0ffaa95b1b5d,"수성시장","대구 3호선",3563,124,qa-official-svg-coordinate,https://www.dtro.or.kr/front/dtro/cyberstation/station/cyberstation.do,review-required
"대구권",station-ddd1b8e5a06a,line-0ffaa95b1b5d,"수성구민운동장","대구 3호선",3778,124,qa-official-svg-coordinate,https://www.dtro.or.kr/front/dtro/cyberstation/station/cyberstation.do,review-required
"대구권",station-25cb467579a9,line-0ffaa95b1b5d,"어린이세상","대구 3호선",3993,124,qa-official-svg-coordinate,https://www.dtro.or.kr/front/dtro/cyberstation/station/cyberstation.do,review-required
"대구권",station-01b6cffd80c9,line-0ffaa95b1b5d,"황금","대구 3호선",4208,124,qa-official-svg-coordinate,https://www.dtro.or.kr/front/dtro/cyberstation/station/cyberstation.do,review-required
"대구권",station-45af370ffd17,line-0ffaa95b1b5d,"수성못(TBC)","대구 3호선",4423,124,qa-official-svg-coordinate,https://www.dtro.or.kr/front/dtro/cyberstation/station/cyberstation.do,review-required
"대구권",station-542e73dc8112,line-0ffaa95b1b5d,"지산","대구 3호선",4638,124,qa-official-svg-coordinate,https://www.dtro.or.kr/front/dtro/cyberstation/station/cyberstation.do,review-required
"대구권",station-947b936ddc6d,line-0ffaa95b1b5d,"범물","대구 3호선",4853,124,qa-official-svg-coordinate,https://www.dtro.or.kr/front/dtro/cyberstation/station/cyberstation.do,review-required
"대구권",station-dea6c25efcfe,line-0ffaa95b1b5d,"용지","대구 3호선",5068,124,qa-official-svg-coordinate,https://www.dtro.or.kr/front/dtro/cyberstation/station/cyberstation.do,review-required
"대구권",station-cedc1a6c1c6a,line-8f7ed01f290a,"경산","대구 대경선",5069,511,qa-official-svg-coordinate,https://www.dtro.or.kr/front/dtro/cyberstation/station/cyberstation.do,review-required
"대구권",station-5b51eac5a29c,line-8f7ed01f290a,"동대구역","대구 대경선",3540,647,qa-official-svg-coordinate,https://www.dtro.or.kr/front/dtro/cyberstation/station/cyberstation.do,review-required
"대구권",station-d5764b48d283,line-8f7ed01f290a,"대구역","대구 대경선",3215,647,qa-official-svg-coordinate,https://www.dtro.or.kr/front/dtro/cyberstation/station/cyberstation.do,review-required
"대구권",station-dbe2b8021ff7,line-8f7ed01f290a,"서대구역","대구 대경선",2347,511,qa-official-svg-coordinate,https://www.dtro.or.kr/front/dtro/cyberstation/station/cyberstation.do,review-required
"대구권",station-6502c3637045,line-8f7ed01f290a,"왜관","대구 대경선",1746,511,qa-official-svg-coordinate,https://www.dtro.or.kr/front/dtro/cyberstation/station/cyberstation.do,review-required
"대구권",station-2e9e270f159d,line-8f7ed01f290a,"사곡","대구 대경선",1153,511,qa-official-svg-coordinate,https://www.dtro.or.kr/front/dtro/cyberstation/station/cyberstation.do,review-required
"대구권",station-efc0fed91bd1,line-8f7ed01f290a,"구미","대구 대경선",851,511,qa-official-svg-coordinate,https://www.dtro.or.kr/front/dtro/cyberstation/station/cyberstation.do,review-required
"대전권",station-1a68b52a9b0d,line-7051a9c2525c,"판암(대전대)","대전 1호선",771,567,qa-official-svg-coordinate,https://www.djtc.kr/kor/cyberStation.do?menuIdx=28,review-required
"대전권",station-8fa8dda24824,line-7051a9c2525c,"신흥","대전 1호선",724,567,qa-official-svg-coordinate,https://www.djtc.kr/kor/cyberStation.do?menuIdx=28,review-required
"대전권",station-4a9886a49721,line-7051a9c2525c,"대동(우송대)","대전 1호선",675,566,qa-official-svg-coordinate,https://www.djtc.kr/kor/cyberStation.do?menuIdx=28,review-required
"대전권",station-a8e6a45c3c35,line-7051a9c2525c,"대전","대전 1호선",627,566,qa-official-svg-coordinate,https://www.djtc.kr/kor/cyberStation.do?menuIdx=28,review-required
"대전권",station-102781067ad4,line-7051a9c2525c,"중앙로","대전 1호선",578,566,qa-official-svg-coordinate,https://www.djtc.kr/kor/cyberStation.do?menuIdx=28,review-required
"대전권",station-4f6b91cd4b74,line-7051a9c2525c,"중구청","대전 1호선",530,567,qa-official-svg-coordinate,https://www.djtc.kr/kor/cyberStation.do?menuIdx=28,review-required
"대전권",station-ee3cc9d04ee7,line-7051a9c2525c,"서대전네거리","대전 1호선",482,567,qa-official-svg-coordinate,https://www.djtc.kr/kor/cyberStation.do?menuIdx=28,review-required
"대전권",station-49f924643e04,line-7051a9c2525c,"오룡","대전 1호선",432,567,qa-official-svg-coordinate,https://www.djtc.kr/kor/cyberStation.do?menuIdx=28,review-required
"대전권",station-8c3f83ab1056,line-7051a9c2525c,"용문","대전 1호선",384,567,qa-official-svg-coordinate,https://www.djtc.kr/kor/cyberStation.do?menuIdx=28,review-required
"대전권",station-961042c194fb,line-7051a9c2525c,"탄방","대전 1호선",335,567,qa-official-svg-coordinate,https://www.djtc.kr/kor/cyberStation.do?menuIdx=28,review-required
"대전권",station-0e902d05cec4,line-7051a9c2525c,"시청","대전 1호선",335,491,qa-official-svg-coordinate,https://www.djtc.kr/kor/cyberStation.do?menuIdx=28,review-required
"대전권",station-b35cc28f2c19,line-7051a9c2525c,"정부청사","대전 1호선",335,418,qa-official-svg-coordinate,https://www.djtc.kr/kor/cyberStation.do?menuIdx=28,review-required
"대전권",station-e0293fcce108,line-7051a9c2525c,"갈마","대전 1호선",287,418,qa-official-svg-coordinate,https://www.djtc.kr/kor/cyberStation.do?menuIdx=28,review-required
"대전권",station-9affffdcaf16,line-7051a9c2525c,"월평(한국과학기술원)","대전 1호선",236,418,qa-official-svg-coordinate,https://www.djtc.kr/kor/cyberStation.do?menuIdx=28,review-required
"대전권",station-18ba692610bf,line-7051a9c2525c,"갑천","대전 1호선",187,418,qa-official-svg-coordinate,https://www.djtc.kr/kor/cyberStation.do?menuIdx=28,review-required
"대전권",station-6423e0901f89,line-7051a9c2525c,"유성온천(충남대.목원대)","대전 1호선",137,415,qa-official-svg-coordinate,https://www.djtc.kr/kor/cyberStation.do?menuIdx=28,review-required
"대전권",station-11db8e56e157,line-7051a9c2525c,"구암","대전 1호선",88,418,qa-official-svg-coordinate,https://www.djtc.kr/kor/cyberStation.do?menuIdx=28,review-required
"대전권",station-5cfb7a665888,line-7051a9c2525c,"현충원(한밭대)","대전 1호선",41,417,qa-official-svg-coordinate,https://www.djtc.kr/kor/cyberStation.do?menuIdx=28,review-required
"대전권",station-7ee5ea397b9d,line-7051a9c2525c,"월드컵경기장(노은도매시장)","대전 1호선",41,367,qa-official-svg-coordinate,https://www.djtc.kr/kor/cyberStation.do?menuIdx=28,review-required
"대전권",station-70f297332b8c,line-7051a9c2525c,"노은","대전 1호선",41,319,qa-official-svg-coordinate,https://www.djtc.kr/kor/cyberStation.do?menuIdx=28,review-required
"대전권",station-f5572903bf54,line-7051a9c2525c,"지족(침신대)","대전 1호선",41,270,qa-official-svg-coordinate,https://www.djtc.kr/kor/cyberStation.do?menuIdx=28,review-required
"대전권",station-c94180e4d057,line-7051a9c2525c,"반석(칠성대)","대전 1호선",40,221,qa-official-svg-coordinate,https://www.djtc.kr/kor/cyberStation.do?menuIdx=28,review-required
"부산권",station-b431a8d55aa7,line-ab1a041f6266,"다대포해수욕장","부산 1호선",742,1101,qa-official-svg-coordinate,https://www2.humetro.busan.kr/homepage/cyberstation/map.do,review-required
"부산권",station-97d0dac3fc4a,line-ab1a041f6266,"다대포항","부산 1호선",812,1101,qa-official-svg-coordinate,https://www2.humetro.busan.kr/homepage/cyberstation/map.do,review-required
"부산권",station-7e1bec07dd09,line-ab1a041f6266,"낫개","부산 1호선",882,1101,qa-official-svg-coordinate,https://www2.humetro.busan.kr/homepage/cyberstation/map.do,review-required
"부산권",station-93af39750738,line-ab1a041f6266,"신장림","부산 1호선",952,1101,qa-official-svg-coordinate,https://www2.humetro.busan.kr/homepage/cyberstation/map.do,review-required
"부산권",station-22e1ce63a0c3,line-ab1a041f6266,"장림","부산 1호선",1021,1101,qa-official-svg-coordinate,https://www2.humetro.busan.kr/homepage/cyberstation/map.do,review-required
"부산권",station-6a8074c2f315,line-ab1a041f6266,"동매","부산 1호선",1091,1101,qa-official-svg-coordinate,https://www2.humetro.busan.kr/homepage/cyberstation/map.do,review-required
"부산권",station-ccdecf740b40,line-ab1a041f6266,"신평","부산 1호선",1161,1101,qa-official-svg-coordinate,https://www2.humetro.busan.kr/homepage/cyberstation/map.do,review-required
"부산권",station-fcb7a21e5606,line-ab1a041f6266,"하단(부산본병원)","부산 1호선",1231,1101,qa-official-svg-coordinate,https://www2.humetro.busan.kr/homepage/cyberstation/map.do,review-required
"부산권",station-dd45c69d3e40,line-ab1a041f6266,"당리(사하구청)","부산 1호선",1301,1101,qa-official-svg-coordinate,https://www2.humetro.busan.kr/homepage/cyberstation/map.do,review-required
"부산권",station-311b3596777b,line-ab1a041f6266,"사하","부산 1호선",1371,1101,qa-official-svg-coordinate,https://www2.humetro.busan.kr/homepage/cyberstation/map.do,review-required
"부산권",station-3229bf7fa869,line-ab1a041f6266,"괴정","부산 1호선",1441,1101,qa-official-svg-coordinate,https://www2.humetro.busan.kr/homepage/cyberstation/map.do,review-required
"부산권",station-04e4750dcaff,line-ab1a041f6266,"대티(동주대학)","부산 1호선",1511,1101,qa-official-svg-coordinate,https://www2.humetro.busan.kr/homepage/cyberstation/map.do,review-required
"부산권",station-1d85db247720,line-ab1a041f6266,"서대신","부산 1호선",1581,1101,qa-official-svg-coordinate,https://www2.humetro.busan.kr/homepage/cyberstation/map.do,review-required
"부산권",station-715047767aa3,line-ab1a041f6266,"동대신","부산 1호선",1651,1101,qa-official-svg-coordinate,https://www2.humetro.busan.kr/homepage/cyberstation/map.do,review-required
"부산권",station-0fd829604524,line-ab1a041f6266,"토성","부산 1호선",1721,1101,qa-official-svg-coordinate,https://www2.humetro.busan.kr/homepage/cyberstation/map.do,review-required
"부산권",station-4dba07424143,line-ab1a041f6266,"자갈치","부산 1호선",1791,1101,qa-official-svg-coordinate,https://www2.humetro.busan.kr/homepage/cyberstation/map.do,review-required
"부산권",station-154e5b09c1c2,line-ab1a041f6266,"남포","부산 1호선",1861,1101,qa-official-svg-coordinate,https://www2.humetro.busan.kr/homepage/cyberstation/map.do,review-required
"부산권",station-d431c38b23f7,line-ab1a041f6266,"중앙","부산 1호선",1931,1101,qa-official-svg-coordinate,https://www2.humetro.busan.kr/homepage/cyberstation/map.do,review-required
"부산권",station-92919c918183,line-ab1a041f6266,"부산","부산 1호선",2000,1101,qa-official-svg-coordinate,https://www2.humetro.busan.kr/homepage/cyberstation/map.do,review-required
"부산권",station-8ae726ea67a7,line-ab1a041f6266,"초량","부산 1호선",2070,1101,qa-official-svg-coordinate,https://www2.humetro.busan.kr/homepage/cyberstation/map.do,review-required
"부산권",station-9ee5de7ee6a2,line-ab1a041f6266,"부산진","부산 1호선",2140,1101,qa-official-svg-coordinate,https://www2.humetro.busan.kr/homepage/cyberstation/map.do,review-required
"부산권",station-d7f9228b4b73,line-ab1a041f6266,"좌천","부산 1호선",2210,1101,qa-official-svg-coordinate,https://www2.humetro.busan.kr/homepage/cyberstation/map.do,review-required
"부산권",station-138decb694d4,line-ab1a041f6266,"범일","부산 1호선",2271,1061,qa-official-svg-coordinate,https://www2.humetro.busan.kr/homepage/cyberstation/map.do,review-required
"부산권",station-eca3dfb7cee7,line-ab1a041f6266,"범내골","부산 1호선",2272,989,qa-official-svg-coordinate,https://www2.humetro.busan.kr/homepage/cyberstation/map.do,review-required
"부산권",station-1fc7a7c971c8,line-ab1a041f6266,"서면","부산 1호선",2272,914,qa-official-svg-coordinate,https://www2.humetro.busan.kr/homepage/cyberstation/map.do,review-required
"부산권",station-9acc028dded4,line-ab1a041f6266,"부전(부산시민공원.송상현광장)","부산 1호선",2271,825,qa-official-svg-coordinate,https://www2.humetro.busan.kr/homepage/cyberstation/map.do,review-required
"부산권",station-bd95d5bb95dc,line-ab1a041f6266,"양정","부산 1호선",2271,738,qa-official-svg-coordinate,https://www2.humetro.busan.kr/homepage/cyberstation/map.do,review-required
"부산권",station-568edf16d4a0,line-ab1a041f6266,"시청(연제)","부산 1호선",2271,651,qa-official-svg-coordinate,https://www2.humetro.busan.kr/homepage/cyberstation/map.do,review-required
"부산권",station-803200d76012,line-ab1a041f6266,"연산","부산 1호선",2272,573,qa-official-svg-coordinate,https://www2.humetro.busan.kr/homepage/cyberstation/map.do,review-required
"부산권",station-0fb11e932dda,line-ab1a041f6266,"교대","부산 1호선",2272,449,qa-official-svg-coordinate,https://www2.humetro.busan.kr/homepage/cyberstation/map.do,review-required
"부산권",station-dbfe9e072d98,line-ab1a041f6266,"동래","부산 1호선",2272,309,qa-official-svg-coordinate,https://www2.humetro.busan.kr/homepage/cyberstation/map.do,review-required
"부산권",station-58dcc3e1b14d,line-ab1a041f6266,"명륜","부산 1호선",2347,151,qa-official-svg-coordinate,https://www2.humetro.busan.kr/homepage/cyberstation/map.do,review-required
"부산권",station-4fb530dab818,line-ab1a041f6266,"온천장","부산 1호선",2496,151,qa-official-svg-coordinate,https://www2.humetro.busan.kr/homepage/cyberstation/map.do,review-required
"부산권",station-0e9a427b3381,line-ab1a041f6266,"부산대","부산 1호선",2645,151,qa-official-svg-coordinate,https://www2.humetro.busan.kr/homepage/cyberstation/map.do,review-required
"부산권",station-de711a6af591,line-ab1a041f6266,"장전(부산가톨릭대학교)","부산 1호선",2795,151,qa-official-svg-coordinate,https://www2.humetro.busan.kr/homepage/cyberstation/map.do,review-required
"부산권",station-96ae854cc762,line-ab1a041f6266,"구서","부산 1호선",2944,151,qa-official-svg-coordinate,https://www2.humetro.busan.kr/homepage/cyberstation/map.do,review-required
"부산권",station-79070d1083c0,line-ab1a041f6266,"두실","부산 1호선",3093,151,qa-official-svg-coordinate,https://www2.humetro.busan.kr/homepage/cyberstation/map.do,review-required
"부산권",station-5402b953883a,line-ab1a041f6266,"남산(부산외국대학교)","부산 1호선",3242,151,qa-official-svg-coordinate,https://www2.humetro.busan.kr/homepage/cyberstation/map.do,review-required
"부산권",station-3cffeefeb0cd,line-ab1a041f6266,"범어사","부산 1호선",3392,151,qa-official-svg-coordinate,https://www2.humetro.busan.kr/homepage/cyberstation/map.do,review-required
"부산권",station-6d2babb41a1c,line-ab1a041f6266,"노포(종합버스터미널)","부산 1호선",3536,151,qa-official-svg-coordinate,https://www2.humetro.busan.kr/homepage/cyberstation/map.do,review-required
"부산권",station-6b611916f76a,line-eb7b47920390,"장산(해운대백병원)","부산 2호선",3541,576,qa-official-svg-coordinate,https://www2.humetro.busan.kr/homepage/cyberstation/map.do,review-required
"부산권",station-6c4f0c1d73d5,line-eb7b47920390,"중동","부산 2호선",3442,576,qa-official-svg-coordinate,https://www2.humetro.busan.kr/homepage/cyberstation/map.do,review-required
"부산권",station-3752d457e1c0,line-eb7b47920390,"해운대","부산 2호선",3348,576,qa-official-svg-coordinate,https://www2.humetro.busan.kr/homepage/cyberstation/map.do,review-required
"부산권",station-d8c81445aa9a,line-eb7b47920390,"동백","부산 2호선",3254,576,qa-official-svg-coordinate,https://www2.humetro.busan.kr/homepage/cyberstation/map.do,review-required
"부산권",station-fbcc387e1db9,line-eb7b47920390,"벡스코(시립미술관)","부산 2호선",3146,576,qa-official-svg-coordinate,https://www2.humetro.busan.kr/homepage/cyberstation/map.do,review-required
"부산권",station-f7a959f03693,line-eb7b47920390,"센텀시티(BEXCO.신세계)","부산 2호선",3033,576,qa-official-svg-coordinate,https://www2.humetro.busan.kr/homepage/cyberstation/map.do,review-required
"부산권",station-c0ad3f6be048,line-eb7b47920390,"민락","부산 2호선",2911,575,qa-official-svg-coordinate,https://www2.humetro.busan.kr/homepage/cyberstation/map.do,review-required
"부산권",station-902ff39b9a39,line-eb7b47920390,"수영","부산 2호선",2790,574,qa-official-svg-coordinate,https://www2.humetro.busan.kr/homepage/cyberstation/map.do,review-required
"부산권",station-681847516e66,line-eb7b47920390,"광안","부산 2호선",2760,663,qa-official-svg-coordinate,https://www2.humetro.busan.kr/homepage/cyberstation/map.do,review-required
"부산권",station-9deb0a18571a,line-eb7b47920390,"금련산","부산 2호선",2760,736,qa-official-svg-coordinate,https://www2.humetro.busan.kr/homepage/cyberstation/map.do,review-required
"부산권",station-18239a50e42e,line-eb7b47920390,"남천(KBS.수영구청)","부산 2호선",2761,809,qa-official-svg-coordinate,https://www2.humetro.busan.kr/homepage/cyberstation/map.do,review-required
"부산권",station-8484545485bd,line-eb7b47920390,"경성대.부경대(동명대학교)","부산 2호선",2756,881,qa-official-svg-coordinate,https://www2.humetro.busan.kr/homepage/cyberstation/map.do,review-required
"부산권",station-8cf6a35a9070,line-eb7b47920390,"대연(고려병원)","부산 2호선",2688,913,qa-official-svg-coordinate,https://www2.humetro.busan.kr/homepage/cyberstation/map.do,review-required
"부산권",station-52200f1f22ae,line-eb7b47920390,"못골(남구청)","부산 2호선",2624,913,qa-official-svg-coordinate,https://www2.humetro.busan.kr/homepage/cyberstation/map.do,review-required
"부산권",station-54ca563ad4ab,line-eb7b47920390,"지게골","부산 2호선",2564,913,qa-official-svg-coordinate,https://www2.humetro.busan.kr/homepage/cyberstation/map.do,review-required
"부산권",station-f2046c4a2f21,line-eb7b47920390,"문현","부산 2호선",2498,913,qa-official-svg-coordinate,https://www2.humetro.busan.kr/homepage/cyberstation/map.do,review-required
"부산권",station-080c154ce646,line-eb7b47920390,"국제금융센터.부산은행","부산 2호선",2432,913,qa-official-svg-coordinate,https://www2.humetro.busan.kr/homepage/cyberstation/map.do,review-required
"부산권",station-61f6dbfb5d4b,line-eb7b47920390,"전포","부산 2호선",2367,913,qa-official-svg-coordinate,https://www2.humetro.busan.kr/homepage/cyberstation/map.do,review-required
"부산권",station-1fc7a7c971c8,line-eb7b47920390,"서면","부산 2호선",2272,914,qa-official-svg-coordinate,https://www2.humetro.busan.kr/homepage/cyberstation/map.do,review-required
"부산권",station-64fd300594d1,line-eb7b47920390,"부암(온종합병원)","부산 2호선",2176,913,qa-official-svg-coordinate,https://www2.humetro.busan.kr/homepage/cyberstation/map.do,review-required
"부산권",station-27bafa014dbf,line-eb7b47920390,"가야","부산 2호선",2086,913,qa-official-svg-coordinate,https://www2.humetro.busan.kr/homepage/cyberstation/map.do,review-required
"부산권",station-e24280ac2e4f,line-eb7b47920390,"동의대","부산 2호선",1996,913,qa-official-svg-coordinate,https://www2.humetro.busan.kr/homepage/cyberstation/map.do,review-required
"부산권",station-bb32254315c1,line-eb7b47920390,"개금","부산 2호선",1907,913,qa-official-svg-coordinate,https://www2.humetro.busan.kr/homepage/cyberstation/map.do,review-required
"부산권",station-dd561635be84,line-eb7b47920390,"냉정","부산 2호선",1817,913,qa-official-svg-coordinate,https://www2.humetro.busan.kr/homepage/cyberstation/map.do,review-required
"부산권",station-b6b5eb1b0b22,line-eb7b47920390,"주례","부산 2호선",1727,913,qa-official-svg-coordinate,https://www2.humetro.busan.kr/homepage/cyberstation/map.do,review-required
"부산권",station-3010fda298a4,line-eb7b47920390,"감전(사상구청)","부산 2호선",1637,913,qa-official-svg-coordinate,https://www2.humetro.busan.kr/homepage/cyberstation/map.do,review-required
"부산권",station-2d67389c6338,line-eb7b47920390,"사상(서부터미널)","부산 2호선",1532,914,qa-official-svg-coordinate,https://www2.humetro.busan.kr/homepage/cyberstation/map.do,review-required
"부산권",station-ff5162ae8230,line-eb7b47920390,"덕포","부산 2호선",1483,862,qa-official-svg-coordinate,https://www2.humetro.busan.kr/homepage/cyberstation/map.do,review-required
"부산권",station-35452c015dd2,line-eb7b47920390,"모덕","부산 2호선",1482,806,qa-official-svg-coordinate,https://www2.humetro.busan.kr/homepage/cyberstation/map.do,review-required
"부산권",station-a3d45a6c99c0,line-eb7b47920390,"모라","부산 2호선",1482,747,qa-official-svg-coordinate,https://www2.humetro.busan.kr/homepage/cyberstation/map.do,review-required
"부산권",station-a517dbec9ff6,line-eb7b47920390,"구남","부산 2호선",1482,689,qa-official-svg-coordinate,https://www2.humetro.busan.kr/homepage/cyberstation/map.do,review-required
"부산권",station-dbc487afb3c2,line-eb7b47920390,"구명","부산 2호선",1482,629,qa-official-svg-coordinate,https://www2.humetro.busan.kr/homepage/cyberstation/map.do,review-required
"부산권",station-85f3b04485c3,line-eb7b47920390,"덕천(부산과기대)","부산 2호선",1482,574,qa-official-svg-coordinate,https://www2.humetro.busan.kr/homepage/cyberstation/map.do,review-required
"부산권",station-dce200bd2bc7,line-eb7b47920390,"수정(방송통신대)","부산 2호선",1482,453,qa-official-svg-coordinate,https://www2.humetro.busan.kr/homepage/cyberstation/map.do,review-required
"부산권",station-ef31f2078617,line-eb7b47920390,"화명","부산 2호선",1482,346,qa-official-svg-coordinate,https://www2.humetro.busan.kr/homepage/cyberstation/map.do,review-required
"부산권",station-602fbd451cb3,line-eb7b47920390,"율리","부산 2호선",1482,240,qa-official-svg-coordinate,https://www2.humetro.busan.kr/homepage/cyberstation/map.do,review-required
"부산권",station-11a36100ff15,line-eb7b47920390,"동원","부산 2호선",1514,157,qa-official-svg-coordinate,https://www2.humetro.busan.kr/homepage/cyberstation/map.do,review-required
"부산권",station-701ad51eeee6,line-eb7b47920390,"금곡","부산 2호선",1613,151,qa-official-svg-coordinate,https://www2.humetro.busan.kr/homepage/cyberstation/map.do,review-required
"부산권",station-2eff43eab0ec,line-eb7b47920390,"호포","부산 2호선",1712,151,qa-official-svg-coordinate,https://www2.humetro.busan.kr/homepage/cyberstation/map.do,review-required
"부산권",station-2bb759021fa3,line-eb7b47920390,"증산","부산 2호선",1811,151,qa-official-svg-coordinate,https://www2.humetro.busan.kr/homepage/cyberstation/map.do,review-required
"부산권",station-d62eb26277ea,line-eb7b47920390,"부산대양산캠퍼스","부산 2호선",1911,151,qa-official-svg-coordinate,https://www2.humetro.busan.kr/homepage/cyberstation/map.do,review-required
"부산권",station-6a91ca6cbdb3,line-eb7b47920390,"남양산(범어)","부산 2호선",2010,151,qa-official-svg-coordinate,https://www2.humetro.busan.kr/homepage/cyberstation/map.do,review-required
"부산권",station-1dec7a1fa564,line-eb7b47920390,"양산(시청.동원과학기술대학교)","부산 2호선",2107,151,qa-official-svg-coordinate,https://www2.humetro.busan.kr/homepage/cyberstation/map.do,review-required
"부산권",station-902ff39b9a39,line-d74614a04530,"수영","부산 3호선",2790,574,qa-official-svg-coordinate,https://www2.humetro.busan.kr/homepage/cyberstation/map.do,review-required
"부산권",station-75d0ddee155d,line-d74614a04530,"망미(병무청)","부산 3호선",2625,574,qa-official-svg-coordinate,https://www2.humetro.busan.kr/homepage/cyberstation/map.do,review-required
"부산권",station-31a374ec00d8,line-d74614a04530,"배산","부산 3호선",2510,574,qa-official-svg-coordinate,https://www2.humetro.busan.kr/homepage/cyberstation/map.do,review-required
"부산권",station-4e4b6f6bd905,line-d74614a04530,"물만골","부산 3호선",2396,574,qa-official-svg-coordinate,https://www2.humetro.busan.kr/homepage/cyberstation/map.do,review-required
"부산권",station-803200d76012,line-d74614a04530,"연산","부산 3호선",2272,573,qa-official-svg-coordinate,https://www2.humetro.busan.kr/homepage/cyberstation/map.do,review-required
"부산권",station-623ba7995f56,line-d74614a04530,"거제(법원.검찰청)","부산 3호선",2131,573,qa-official-svg-coordinate,https://www2.humetro.busan.kr/homepage/cyberstation/map.do,review-required
"부산권",station-fbf4214c39a4,line-d74614a04530,"종합운동장","부산 3호선",2036,574,qa-official-svg-coordinate,https://www2.humetro.busan.kr/homepage/cyberstation/map.do,review-required
"부산권",station-3d417bcaf1e8,line-d74614a04530,"사직","부산 3호선",1961,574,qa-official-svg-coordinate,https://www2.humetro.busan.kr/homepage/cyberstation/map.do,review-required
"부산권",station-3b042820c466,line-d74614a04530,"미남","부산 3호선",1862,574,qa-official-svg-coordinate,https://www2.humetro.busan.kr/homepage/cyberstation/map.do,review-required
"부산권",station-01c5bba2ca8b,line-d74614a04530,"만덕","부산 3호선",1792,574,qa-official-svg-coordinate,https://www2.humetro.busan.kr/homepage/cyberstation/map.do,review-required
"부산권",station-5b1932d80af7,line-d74614a04530,"남산정(부산폴리텍대학)","부산 3호선",1698,574,qa-official-svg-coordinate,https://www2.humetro.busan.kr/homepage/cyberstation/map.do,review-required
"부산권",station-b01a04f506c3,line-d74614a04530,"숙등(부민병원)","부산 3호선",1604,574,qa-official-svg-coordinate,https://www2.humetro.busan.kr/homepage/cyberstation/map.do,review-required
"부산권",station-85f3b04485c3,line-d74614a04530,"덕천(부산과기대)","부산 3호선",1482,574,qa-official-svg-coordinate,https://www2.humetro.busan.kr/homepage/cyberstation/map.do,review-required
"부산권",station-e35156e2ffb2,line-d74614a04530,"구포","부산 3호선",1300,574,qa-official-svg-coordinate,https://www2.humetro.busan.kr/homepage/cyberstation/map.do,review-required
"부산권",station-d4f204e38160,line-d74614a04530,"강서구청","부산 3호선",1114,574,qa-official-svg-coordinate,https://www2.humetro.busan.kr/homepage/cyberstation/map.do,review-required
"부산권",station-18a531ca29bf,line-d74614a04530,"체육공원","부산 3호선",928,574,qa-official-svg-coordinate,https://www2.humetro.busan.kr/homepage/cyberstation/map.do,review-required
"부산권",station-e0daeeda6b37,line-d74614a04530,"대저","부산 3호선",741,574,qa-official-svg-coordinate,https://www2.humetro.busan.kr/homepage/cyberstation/map.do,review-required
"부산권",station-3b042820c466,line-d812a5bc1e5f,"미남","부산 4호선",1862,574,qa-official-svg-coordinate,https://www2.humetro.busan.kr/homepage/cyberstation/map.do,review-required
"부산권",station-dbfe9e072d98,line-d812a5bc1e5f,"동래","부산 4호선",2272,309,qa-official-svg-coordinate,https://www2.humetro.busan.kr/homepage/cyberstation/map.do,review-required
"부산권",station-0c0ef20d9898,line-d812a5bc1e5f,"수안","부산 4호선",2384,309,qa-official-svg-coordinate,https://www2.humetro.busan.kr/homepage/cyberstation/map.do,review-required
"부산권",station-d6ef0caa7ce6,line-d812a5bc1e5f,"낙민","부산 4호선",2483,309,qa-official-svg-coordinate,https://www2.humetro.busan.kr/homepage/cyberstation/map.do,review-required
"부산권",station-0ef83596166e,line-d812a5bc1e5f,"충렬사(안락)","부산 4호선",2594,309,qa-official-svg-coordinate,https://www2.humetro.busan.kr/homepage/cyberstation/map.do,review-required
"부산권",station-5dd45513392c,line-d812a5bc1e5f,"명장","부산 4호선",2699,309,qa-official-svg-coordinate,https://www2.humetro.busan.kr/homepage/cyberstation/map.do,review-required
"부산권",station-789aff91ad14,line-d812a5bc1e5f,"서동","부산 4호선",2805,309,qa-official-svg-coordinate,https://www2.humetro.busan.kr/homepage/cyberstation/map.do,review-required
"부산권",station-cf026711a27b,line-d812a5bc1e5f,"금사","부산 4호선",2910,309,qa-official-svg-coordinate,https://www2.humetro.busan.kr/homepage/cyberstation/map.do,review-required
"부산권",station-17176f764fbb,line-d812a5bc1e5f,"반여농산물시장","부산 4호선",3015,309,qa-official-svg-coordinate,https://www2.humetro.busan.kr/homepage/cyberstation/map.do,review-required
"부산권",station-cc451a982d9e,line-d812a5bc1e5f,"석대","부산 4호선",3120,309,qa-official-svg-coordinate,https://www2.humetro.busan.kr/homepage/cyberstation/map.do,review-required
"부산권",station-36096b01b4df,line-d812a5bc1e5f,"영산대(아랫반송)","부산 4호선",3225,309,qa-official-svg-coordinate,https://www2.humetro.busan.kr/homepage/cyberstation/map.do,review-required
"부산권",station-a22931042a2b,line-d812a5bc1e5f,"윗반송","부산 4호선",3330,309,qa-official-svg-coordinate,https://www2.humetro.busan.kr/homepage/cyberstation/map.do,review-required
"부산권",station-9a238630a4a9,line-d812a5bc1e5f,"고촌","부산 4호선",3436,309,qa-official-svg-coordinate,https://www2.humetro.busan.kr/homepage/cyberstation/map.do,review-required
"부산권",station-9efcaa8c8997,line-d812a5bc1e5f,"안평(고촌주택단지)","부산 4호선",3541,309,qa-official-svg-coordinate,https://www2.humetro.busan.kr/homepage/cyberstation/map.do,review-required
"부산권",station-ee8407a487c2,line-f52eb59d8497,"부전","부산 동해",2130,794,qa-official-svg-coordinate,https://www2.humetro.busan.kr/homepage/cyberstation/map.do,review-required
"부산권",station-117d3a642ddc,line-f52eb59d8497,"거제해맞이","부산 동해",2130,684,qa-official-svg-coordinate,https://www2.humetro.busan.kr/homepage/cyberstation/map.do,review-required
"부산권",station-623ba7995f56,line-f52eb59d8497,"거제(법원.검찰청)","부산 동해",2131,573,qa-official-svg-coordinate,https://www2.humetro.busan.kr/homepage/cyberstation/map.do,review-required
"부산권",station-0fb11e932dda,line-f52eb59d8497,"교대","부산 동해",2272,449,qa-official-svg-coordinate,https://www2.humetro.busan.kr/homepage/cyberstation/map.do,review-required
"부산권",station-dbfe9e072d98,line-f52eb59d8497,"동래","부산 동해",2447,447,qa-official-svg-coordinate,https://www2.humetro.busan.kr/homepage/cyberstation/map.do,review-required
"부산권",station-05895a68d975,line-f52eb59d8497,"안락","부산 동해",2611,447,qa-official-svg-coordinate,https://www2.humetro.busan.kr/homepage/cyberstation/map.do,review-required
"부산권",station-962db2668e30,line-f52eb59d8497,"부산원동","부산 동해",2774,447,qa-official-svg-coordinate,https://www2.humetro.busan.kr/homepage/cyberstation/map.do,review-required
"부산권",station-d2d619835c56,line-f52eb59d8497,"재송","부산 동해",2938,447,qa-official-svg-coordinate,https://www2.humetro.busan.kr/homepage/cyberstation/map.do,review-required
"부산권",station-c75d76d7c1a6,line-f52eb59d8497,"센텀","부산 동해",3102,447,qa-official-svg-coordinate,https://www2.humetro.busan.kr/homepage/cyberstation/map.do,review-required
"부산권",station-6820d21cea02,line-f52eb59d8497,"벡스코","부산 동해",3146,576,qa-official-svg-coordinate,https://www2.humetro.busan.kr/homepage/cyberstation/map.do,review-required
"부산권",station-5ff8467277e8,line-f52eb59d8497,"신해운대","부산 동해",3147,632,qa-official-svg-coordinate,https://www2.humetro.busan.kr/homepage/cyberstation/map.do,review-required
"부산권",station-6e36a81836a1,line-f52eb59d8497,"송정","부산 동해",3147,677,qa-official-svg-coordinate,https://www2.humetro.busan.kr/homepage/cyberstation/map.do,review-required
"부산권",station-1a9a568f4db7,line-f52eb59d8497,"오시리아","부산 동해",3147,722,qa-official-svg-coordinate,https://www2.humetro.busan.kr/homepage/cyberstation/map.do,review-required
"부산권",station-60b126b71650,line-f52eb59d8497,"기장","부산 동해",3147,766,qa-official-svg-coordinate,https://www2.humetro.busan.kr/homepage/cyberstation/map.do,review-required
"부산권",station-5d987d17af6b,line-f52eb59d8497,"일광","부산 동해",3147,811,qa-official-svg-coordinate,https://www2.humetro.busan.kr/homepage/cyberstation/map.do,review-required
"부산권",station-d7f9228b4b73,line-f52eb59d8497,"좌천","부산 동해",3147,856,qa-official-svg-coordinate,https://www2.humetro.busan.kr/homepage/cyberstation/map.do,review-required
"부산권",station-e253205732aa,line-f52eb59d8497,"월내","부산 동해",3232,913,qa-official-svg-coordinate,https://www2.humetro.busan.kr/homepage/cyberstation/map.do,review-required
"부산권",station-b9c33166980e,line-f52eb59d8497,"서생","부산 동해",3284,913,qa-official-svg-coordinate,https://www2.humetro.busan.kr/homepage/cyberstation/map.do,review-required
"부산권",station-a2a76bff8a9e,line-f52eb59d8497,"남창","부산 동해",3335,913,qa-official-svg-coordinate,https://www2.humetro.busan.kr/homepage/cyberstation/map.do,review-required
"부산권",station-72c9dcbbccd6,line-f52eb59d8497,"망양","부산 동해",3387,913,qa-official-svg-coordinate,https://www2.humetro.busan.kr/homepage/cyberstation/map.do,review-required
"부산권",station-ce6a08fa670d,line-f52eb59d8497,"덕하","부산 동해",3438,913,qa-official-svg-coordinate,https://www2.humetro.busan.kr/homepage/cyberstation/map.do,review-required
"부산권",station-d61cf8c42576,line-f52eb59d8497,"개운포","부산 동해",3490,913,qa-official-svg-coordinate,https://www2.humetro.busan.kr/homepage/cyberstation/map.do,review-required
"부산권",station-aca745aff7a7,line-f52eb59d8497,"태화강","부산 동해",3541,913,qa-official-svg-coordinate,https://www2.humetro.busan.kr/homepage/cyberstation/map.do,review-required
"부산권",station-2d67389c6338,line-e4cce88f0d7f,"사상(서부터미널)","부산 부산김해경전철",1532,914,qa-official-svg-coordinate,https://www2.humetro.busan.kr/homepage/cyberstation/map.do,review-required
"부산권",station-e77ed9782d84,line-e4cce88f0d7f,"괘법르네시떼(강변공원)","부산 부산김해경전철",1254,914,qa-official-svg-coordinate,https://www2.humetro.busan.kr/homepage/cyberstation/map.do,review-required
"부산권",station-ee35721fe236,line-e4cce88f0d7f,"서부산유통지구(금호마을)","부산 부산김해경전철",1076,914,qa-official-svg-coordinate,https://www2.humetro.busan.kr/homepage/cyberstation/map.do,review-required
"부산권",station-558c92608f0e,line-e4cce88f0d7f,"공항","부산 부산김해경전철",897,914,qa-official-svg-coordinate,https://www2.humetro.busan.kr/homepage/cyberstation/map.do,review-required
"부산권",station-28f6c06cd073,line-e4cce88f0d7f,"덕두","부산 부산김해경전철",741,829,qa-official-svg-coordinate,https://www2.humetro.busan.kr/homepage/cyberstation/map.do,review-required
"부산권",station-56335026dc10,line-e4cce88f0d7f,"등구","부산 부산김해경전철",741,696,qa-official-svg-coordinate,https://www2.humetro.busan.kr/homepage/cyberstation/map.do,review-required
"부산권",station-e0daeeda6b37,line-e4cce88f0d7f,"대저","부산 부산김해경전철",741,574,qa-official-svg-coordinate,https://www2.humetro.busan.kr/homepage/cyberstation/map.do,review-required
"부산권",station-571c8e6bc346,line-e4cce88f0d7f,"평강","부산 부산김해경전철",741,469,qa-official-svg-coordinate,https://www2.humetro.busan.kr/homepage/cyberstation/map.do,review-required
"부산권",station-c79ac532bdfa,line-e4cce88f0d7f,"대사","부산 부산김해경전철",741,389,qa-official-svg-coordinate,https://www2.humetro.busan.kr/homepage/cyberstation/map.do,review-required
"부산권",station-147c3fcc3775,line-e4cce88f0d7f,"불암","부산 부산김해경전철",741,308,qa-official-svg-coordinate,https://www2.humetro.busan.kr/homepage/cyberstation/map.do,review-required
"부산권",station-b22417177bce,line-e4cce88f0d7f,"지내","부산 부산김해경전철",741,228,qa-official-svg-coordinate,https://www2.humetro.busan.kr/homepage/cyberstation/map.do,review-required
"부산권",station-d3be5b37ad52,line-e4cce88f0d7f,"김해대학(안동)","부산 부산김해경전철",763,162,qa-official-svg-coordinate,https://www2.humetro.busan.kr/homepage/cyberstation/map.do,review-required
"부산권",station-0be7cd0e273f,line-e4cce88f0d7f,"인제대(활천)","부산 부산김해경전철",832,151,qa-official-svg-coordinate,https://www2.humetro.busan.kr/homepage/cyberstation/map.do,review-required
"부산권",station-1806943be025,line-e4cce88f0d7f,"김해시청","부산 부산김해경전철",909,151,qa-official-svg-coordinate,https://www2.humetro.busan.kr/homepage/cyberstation/map.do,review-required
"부산권",station-2a3fab03e5f9,line-e4cce88f0d7f,"부원","부산 부산김해경전철",985,151,qa-official-svg-coordinate,https://www2.humetro.busan.kr/homepage/cyberstation/map.do,review-required
"부산권",station-d160a08dae3a,line-e4cce88f0d7f,"봉황(김해여객터미널)","부산 부산김해경전철",1062,151,qa-official-svg-coordinate,https://www2.humetro.busan.kr/homepage/cyberstation/map.do,review-required
"부산권",station-91717e8b259a,line-e4cce88f0d7f,"수로왕릉(김해보건소)","부산 부산김해경전철",1138,151,qa-official-svg-coordinate,https://www2.humetro.busan.kr/homepage/cyberstation/map.do,review-required
"부산권",station-96d565b359c7,line-e4cce88f0d7f,"박물관","부산 부산김해경전철",1215,151,qa-official-svg-coordinate,https://www2.humetro.busan.kr/homepage/cyberstation/map.do,review-required
"부산권",station-3c78814d18ba,line-e4cce88f0d7f,"연지공원","부산 부산김해경전철",1291,151,qa-official-svg-coordinate,https://www2.humetro.busan.kr/homepage/cyberstation/map.do,review-required
"부산권",station-4eaad8637599,line-e4cce88f0d7f,"장신대(화정)","부산 부산김해경전철",1368,151,qa-official-svg-coordinate,https://www2.humetro.busan.kr/homepage/cyberstation/map.do,review-required
"부산권",station-5f19eb7223b1,line-e4cce88f0d7f,"가야대(삼계)","부산 부산김해경전철",1437,151,qa-official-svg-coordinate,https://www2.humetro.busan.kr/homepage/cyberstation/map.do,review-required
